<?xml version="1.0" encoding="UTF-8"?>
<project-private xmlns="http://www.netbeans.org/ns/project-private/1">
    <editor-bookmarks xmlns="http://www.netbeans.org/ns/editor-bookmarks/2" lastBookmarkId="0"/>
    <open-files xmlns="http://www.netbeans.org/ns/projectui-open-files/2">
        <group>
            <file>file:/C:/Users/v-edkhoz/Music/temps/My%20Project%20Demo/projects/TUTWebApp/src/java/za/ac/tut/web/GetAllPersonServlet.java</file>
            <file>file:/C:/Users/v-edkhoz/Music/temps/My%20Project%20Demo/projects/TUTWebApp/web/error.jsp</file>
            <file>file:/C:/Users/v-edkhoz/Music/temps/My%20Project%20Demo/projects/TUTWebApp/src/java/za/ac/tut/web/FindPersonServlet.java</file>
            <file>file:/C:/Users/v-edkhoz/Music/temps/My%20Project%20Demo/projects/TUTWebApp/src/java/za/ac/tut/web/LoginServlet.java</file>
            <file>file:/C:/Users/v-edkhoz/Music/temps/My%20Project%20Demo/projects/TUTWebApp/web/add_person_outcome.jsp</file>
            <file>file:/C:/Users/v-edkhoz/Music/temps/My%20Project%20Demo/projects/TUTWebApp/web/get_all_person_outcome.jsp</file>
            <file>file:/C:/Users/v-edkhoz/Music/temps/My%20Project%20Demo/projects/TUTWebApp/web/find_person_outcome.jsp</file>
            <file>file:/C:/Users/v-edkhoz/Music/temps/My%20Project%20Demo/projects/TUTWebApp/web/find_person.html</file>
            <file>file:/C:/Users/v-edkhoz/Music/temps/My%20Project%20Demo/projects/TUTWebApp/web/index.html</file>
            <file>file:/C:/Users/v-edkhoz/Music/temps/My%20Project%20Demo/projects/TUTWebApp/web/NotFound.jsp</file>
        </group>
    </open-files>
</project-private>
